{"importBase":"import","nativeBase":"native","name":"main","deps":[],"uuids":["03419113b","04d4e27ff","0a2becbe8","0b679e8d0","87hSi/wVlJXao2X9iW/R3o","0fR2C5375Hkq3RCcYKL14J@f9941","13419113b","13419113b@6c48a","1cfVgBIvtFa4wapjHrXpAN","1cfVgBIvtFa4wapjHrXpAN@6c48a","1cfVgBIvtFa4wapjHrXpAN@f9941","24KdfgIRBF4aHEQ4r0Vl6v","69auESftVD55aL8pnnOc0n@f9941","91XUqvRPNFJr5w0P7Ox3f+","9cTNDtNA1Dxpwt3Bn3bqiU@f9941","baIUdvKGZPgZxNbjWTFuRI","bcSOMSyGZCELfwe7PvCNBc","bcSOMSyGZCELfwe7PvCNBc@6c48a","bcSOMSyGZCELfwe7PvCNBc@f9941","c9ge4Y4GtL87P++Ej4LAnu@f9941","dew77OIkRMRa0WxgHnJ1QF","fdjsU2o1RKF5x0TziDw3jI"],"paths":{"15":["db:/internal/physics/default-physics-material",1],"21":["db:/internal/default_renderpipeline/builtin-forward",0]},"scenes":{"db://assets/Loading/Loading.scene":4,"db://assets/Loading/MainScene.scene":20},"packs":{"03419113b":["5","12","14","19"],"04d4e27ff":["8","6","16"],"0a2becbe8":["9","7","17"],"0b679e8d0":["10","11","4","13","18"]},"versions":{"import":[],"native":[]},"redirect":[],"debug":false,"extensionMap":{},"hasPreloadScript":true,"types":["cc.RenderPipeline","cc.PhysicsMaterial"],"encrypted":true}
