{
    "importBase": "import",
    "nativeBase": "native",
    "name": "main",
    "deps": [
        "internal"
    ],
    "uuids": [
        "3c5f7977-7814-46f1-ab4a-cafd59e240c8",
        "ba21476f-2866-4f81-9c4d-6e359316e448",
        "fd8ec536-a354-4a17-9c74-4f3883c378c8"
    ],
    "paths": {
        "fd8ec536-a354-4a17-9c74-4f3883c378c8": [
            "db:/internal/default_renderpipeline/builtin-forward",
            "cc.RenderPipeline"
        ],
        "ba21476f-2866-4f81-9c4d-6e359316e448": [
            "db:/internal/physics/default-physics-material",
            "cc.PhysicsMaterial"
        ]
    },
    "scenes": {
        "db://assets/LoadScene/StartScene.scene": "3c5f7977-7814-46f1-ab4a-cafd59e240c8"
    },
    "packs": {},
    "versions": {
        "import": [],
        "native": []
    },
    "redirect": [
        "ba21476f-2866-4f81-9c4d-6e359316e448",
        "0"
    ],
    "debug": true,
    "extensionMap": {},
    "hasPreloadScript": true
}