[{"__type__":"cc.SpriteFrame","content":{"name":"loading_full color-03","texture":"cfbaZO80NFpY9oUvA/K55b","rect":[0,0,1257,59],"offset":[0,0],"originalSize":[1257,59],"capInsets":[0,0,0,0]}},{"__type__":"cc.SpriteFrame","content":{"name":"BG","texture":"23c/hYhF9DhIBx5lrIs7Mx","rect":[0,0,1536,1024],"offset":[0,0],"originalSize":[1536,1024],"capInsets":[0,0,0,0]}},[{"__type__":"cc.SceneAsset","_name":"LoadScene","scene":{"__id__":1},"asyncLoadAssets":null},{"__type__":"cc.Scene","_name":"New Node","_children":[{"__id__":2}],"_anchorPoint":{"__type__":"cc.Vec2"},"autoReleaseAssets":false},{"__type__":"cc.Node","_name":"Canvas","_parent":{"__id__":1},"_children":[{"__id__":3},{"__id__":4},{"__id__":11},{"__id__":10},{"__id__":6}],"_components":[{"__type__":"cc.Canvas","node":{"__id__":2},"_designResolution":{"__type__":"cc.Size","width":1560,"height":720}}],"_contentSize":{"__type__":"cc.Size","width":1560,"height":720},"_position":{"__type__":"cc.Vec3","x":780,"y":360},"_id":"0eQsJHVsdBiYvBuG3KQXbH"},{"__type__":"cc.Node","_name":"Main Camera","_parent":{"__id__":2},"_level":1,"_components":[{"__type__":"cc.Camera","node":{"__id__":3},"_clearFlags":7,"_depth":-1}],"_position":{"__type__":"cc.Vec3","z":245.08518927099615}},{"__type__":"cc.Node","_name":"LoadGameController","_parent":{"__id__":2},"_level":1,"_components":[{"__type__":"89e3bULnINAO5LStk1zefH7","node":{"__id__":4},"loadingSprite":{"__id__":5},"loadingLabel":{"__id__":9}}]},{"__type__":"cc.Sprite","node":{"__id__":6},"_materials":[{"__uuid__":"ecpdLyjvZBwrvm+cedCcQy"}],"_spriteFrame":{"__uuid__":"51BTRApe9PsZs/wSH4wn/t"},"_type":1,"_sizeMode":0},{"__type__":"cc.Node","_name":"New ProgressBar","_parent":{"__id__":2},"_children":[{"__id__":7}],"_level":1,"_components":[{"__id__":5},{"__type__":"cc.ProgressBar","node":{"__id__":6},"_N$totalLength":600,"_N$barSprite":{"__id__":8},"_N$progress":0},{"__type__":"cc.Widget","node":{"__id__":6},"_alignFlags":18,"_left":480,"_verticalCenter":-200.574}],"_contentSize":{"__type__":"cc.Size","width":600,"height":29},"_position":{"__type__":"cc.Vec3","y":-200.574},"_scale":{"__type__":"cc.Vec3","x":1.2,"y":1,"z":1}},{"__type__":"cc.Node","_name":"bar","_parent":{"__id__":6},"_components":[{"__id__":8}],"_contentSize":{"__type__":"cc.Size","height":15},"_anchorPoint":{"__type__":"cc.Vec2","y":0.5},"_position":{"__type__":"cc.Vec3","x":-300}},{"__type__":"cc.Sprite","node":{"__id__":7},"_materials":[{"__uuid__":"ecpdLyjvZBwrvm+cedCcQy"}],"_spriteFrame":{"__uuid__":"00CcB811lBFI8lkLrzjHiy"},"_type":1,"_sizeMode":0},{"__type__":"cc.Label","node":{"__id__":10},"_materials":[{"__uuid__":"ecpdLyjvZBwrvm+cedCcQy"}],"_useOriginalSize":false,"_N$file":{"__uuid__":"42rAENK7hNdLwDH8UxvcA4"},"_isSystemFontUsed":false,"_N$horizontalAlign":1,"_N$verticalAlign":1},{"__type__":"cc.Node","_name":"LbLoading","_parent":{"__id__":2},"_level":1,"_components":[{"__id__":9},{"__type__":"cc.Widget","node":{"__id__":10},"_alignFlags":4,"_bottom":201.09}],"_contentSize":{"__type__":"cc.Size","height":50.4},"_position":{"__type__":"cc.Vec3","y":-133.71}},{"__type__":"cc.Node","_name":"New Sprite","_parent":{"__id__":2},"_children":[{"__id__":12}],"_level":1,"_components":[{"__type__":"cc.Sprite","node":{"__id__":11},"_materials":[{"__uuid__":"ecpdLyjvZBwrvm+cedCcQy"}],"_spriteFrame":{"__uuid__":"13XE2PgKVM3qewfjZBCsFu"},"_sizeMode":0}],"_contentSize":{"__type__":"cc.Size","width":1555,"height":715.1111111}},{"__type__":"cc.Node","_name":"New Sprite copy","_parent":{"__id__":11},"_level":2,"_components":[{"__type__":"cc.Sprite","node":{"__id__":12},"_materials":[{"__uuid__":"ecpdLyjvZBwrvm+cedCcQy"}],"_spriteFrame":{"__uuid__":"34WleSiqZKHov7eJVytg3j"},"_sizeMode":0}],"_contentSize":{"__type__":"cc.Size","width":1024,"height":315},"_position":{"__type__":"cc.Vec3","y":51.29}}],{"__type__":"cc.SpriteFrame","content":{"name":"LOADING-10-28-2025-3","texture":"6bfZEA8GRNmLLoy3FuJIxU","rect":[46,46,932,223],"offset":[0,0],"originalSize":[1024,315],"capInsets":[0,0,0,0]}},{"__type__":"cc.SpriteFrame","content":{"name":"loading_empty bar","texture":"bc7JR4fcNMd7GqcF8ll6dU","rect":[0,0,1257,59],"offset":[0,0],"originalSize":[1257,59],"capInsets":[0,0,0,0]}}]