[1,["13419113b@6c48a"],["_textureSource"],["cc.SpriteFrame"],0,[[[{"name":"Light","rect":{"x":747,"y":3,"width":31,"height":65},"offset":{"x":1,"y":0},"originalSize":{"width":77,"height":91},"rotated":true,"capInsets":[0,0,0,0],"packable":true,"pixelsToUnit":100,"pivot":{"x":0.5,"y":0.5},"meshType":0}],[0],0,[0],[0],[0]],[[{"name":"11","rect":{"x":3,"y":3,"width":738,"height":29},"offset":{"x":0,"y":0},"originalSize":{"width":738,"height":29},"rotated":false,"capInsets":[30,0,36,0],"packable":true,"pixelsToUnit":100,"pivot":{"x":0.5,"y":0.5},"meshType":0}],[0],0,[0],[0],[0]],[[{"name":"logo","rect":{"x":3,"y":92,"width":644,"height":353},"offset":{"x":20,"y":62.5},"originalSize":{"width":1102,"height":508},"rotated":false,"capInsets":[0,0,0,0],"packable":true,"pixelsToUnit":100,"pivot":{"x":0.5,"y":0.5},"meshType":0}],[0],0,[0],[0],[0]],[[{"name":"loadingbar_base","rect":{"x":3,"y":40,"width":756,"height":46},"offset":{"x":0,"y":0},"originalSize":{"width":756,"height":46},"rotated":false,"capInsets":[321,23,308,22],"packable":true,"pixelsToUnit":100,"pivot":{"x":0.5,"y":0.5},"meshType":0}],[0],0,[0],[0],[0]]]]
